IDTSSS,land_type_purpose,total_area,estimation_value,price_land,TotalAmount,UnitPrice
206,57,92,7000000,"154,810,000","1,425,000,000","15,489,130"
244,57,100,2200000,"59,510,000","12,820,156,000","5,959,814"
244,61,2051.1,240000,"39,910,000","12,820,156,000","5,959,814"
282,61,312,160000,"18,710,000","2,582,580,000","4,219,902"
282,58,300,2500000,"42,110,000","2,582,580,000","4,219,902"
305,57,94.5,12000000,"474,810,000","4,487,756,000","47,489,481"
340,58,200,1350000,"168,010,000","42,549,004,800","16,809,815"
340,61,2331.2,240000,"156,910,000","42,549,004,800","16,809,815"
347,57,50,3300000,"118,610,000","994,400,000","12,126,829"
347,61,32,350000,"89,110,000","994,400,000","12,126,829"
360,62,224,370000,"156,610,000","3,510,000,000","15,669,643"
396,58,300,500000,"20,610,000","1,846,380,000","2,069,933"
396,61,592,60000,"16,210,000","1,846,380,000","2,069,933"
404,58,300,800000,"9,810,000","15,585,248,000","989,810"
404,61,15445.7,160000,"3,410,000","15,585,248,000","989,810"
442,57,150,2900000,"123,710,000","7,834,044,000","12,379,968"
442,61,482.8,170000,"96,410,000","7,834,044,000","12,379,968"
453,57,98,3000000,"92,010,000","902,500,000","9,209,184"
456,57,116.3,2626000,"266,810,000","3,104,000,000","26,689,596"
484,61,2174,170000,"18,710,000","4,085,000,000","1,879,025"
500,57,230,8000000,"345,510,000","7,948,750,000","34,559,783"
541,81,1648.2,180000,"14,110,000","2,340,000,000","1,419,731"
566,61,520,170000,"36,510,000","2,873,899,838","4,789,833"
566,58,80,1300000,"47,810,000","2,873,899,838","4,789,833"
584,57,1000,1080000,"151,810,000","75,493,600,000","15,189,859"
584,61,3970,200000,"143,010,000","75,493,600,000","15,189,859"
626,57,23,14000000,"318,210,000","732,070,000","31,829,130"
633,57,101,9000000,"145,710,000","1,472,500,000","14,579,208"
642,61,1000.1,190000,"32,210,000","3,230,000,000","3,229,677"
652,81,793,220000,"52,810,000","7,792,840,000","7,169,126"
652,57,294,2100000,"71,610,000","7,792,840,000","7,169,126"
666,61,126,430000,"238,010,000","3,000,000,000","23,809,524"
710,58,80,6000000,"121,410,000","10,191,976,000","12,149,214"
710,61,758.9,160000,"63,010,000","10,191,976,000","12,149,214"
731,57,203,4000000,"320,110,000","6,500,000,000","32,019,704"
740,61,102,350000,"65,110,000","665,000,000","6,519,608"
748,61,1192.2,135000,"19,210,000","2,300,000,000","1,929,207"
756,57,113.5,8000000,"248,110,000","2,817,000,000","24,819,383"
777,57,129.3,4200000,"111,610,000","1,520,164,000","11,169,464"
777,61,6.8,220000,"71,810,000","1,520,164,000","11,169,464"
791,57,60,1500000,"41,010,000","1,019,116,000","4,109,339"
803,57,60,1500000,"44,610,000","893,980,000","4,469,900"
811,61,120.5,315000,"112,110,000","3,363,226,500","18,632,834"
829,57,62,12320000,"999,110,000","6,195,020,000","99,919,677"
858,58,176,7800000,"242,810,000","4,275,000,000","24,289,773"
893,57,128.2,13000000,"336,410,000","4,313,880,720","33,649,616"
956,57,65,10000000,"424,910,000","5,992,480,000","42,499,858"
956,58,76,280000,"327,710,000","5,992,480,000","42,499,858"
969,61,8483,35000,"1,510,000","1,350,000,000","159,142"
974,81,406,779000,"163,910,000","16,447,426,000","27,140,967"
993,75,113,3000000,"60,110,000","1,697,500,000","7,026,076"
993,57,128.6,3000000,"60,110,000","1,697,500,000","7,026,076"
1033,57,31.9,9960000,"1,351,010,000","4,309,977,600","135,109,016"
1034,57,52,9960000,"1,196,710,000","6,223,334,000","119,679,500"
1036,58,100,2000000,"94,410,000","4,148,370,000","9,449,590"
1036,61,339,170000,"76,110,000","4,148,370,000","9,449,590"
1053,57,97,11000000,"329,810,000","3,200,000,000","32,989,691"
1112,58,100,2000000,"48,710,000","1,234,580,000","4,879,763"
1112,61,153,140000,"30,110,000","1,234,580,000","4,879,763"
1113,58,100,2000000,"45,310,000","735,320,000","4,539,012"
1113,61,62,140000,"26,710,000","735,320,000","4,539,012"
1158,57,65.8,6000000,"238,210,000","1,568,000,000","23,829,787"
1185,57,123.8,14000000,"837,410,000","10,368,200,000","83,749,596"
1192,57,174,6720000,"239,110,000","4,162,047,750","23,919,815"
1202,57,81,4200000,"137,510,000","1,114,500,000","13,759,259"
1226,57,160,7000000,"164,710,000","2,636,785,425","16,479,909"
1233,57,95.2,9000000,"318,510,000","3,033,000,000","31,859,244"
1235,81,64.9,200000,"116,710,000","2,684,440,000","16,279,200"
1235,58,100,4800000,"162,710,000","2,684,440,000","16,279,200"
1246,81,162,190000,"82,310,000","2,685,345,000","10,249,408"
1246,58,100,2200000,"102,410,000","2,685,345,000","10,249,408"
1259,81,8126,120000,"4,010,000","3,325,000,000","409,180"
1273,57,200.8,10000000,"310,410,000","6,234,760,000","31,049,602"
1310,57,60,1501500,"83,110,000","748,755,000","8,319,500"
1338,57,165,27000000,"879,110,000","14,506,680,000","87,919,273"
1341,57,80,4522000,"338,810,000","4,981,769,000","33,889,585"
1343,57,80,4522000,"327,110,000","7,594,254,700","32,719,753"
1349,61,171.2,200000,"117,910,000","5,716,320,000","15,399,569"
1349,58,200,3800000,"153,910,000","5,716,320,000","15,399,569"
1358,81,334.8,220000,"199,810,000","12,508,772,178","28,769,025"
1358,58,100,9000000,"287,610,000","12,508,772,178","28,769,025"
1382,58,100,6000000,"159,710,000","6,860,000,000","15,979,502"
1382,61,329.3,6000000,"159,710,000","6,860,000,000","15,979,502"
1395,61,10070.1,45000,"2,610,000","2,716,000,000","269,709"
1403,58,100,7500000,"187,910,000","3,406,456,000","18,799,426"
1403,62,81.2,220000,"115,110,000","3,406,456,000","18,799,426"
1405,58,100,7500000,"186,710,000","4,367,331,612","18,679,776"
1405,62,133.8,220000,"113,910,000","4,367,331,612","18,679,776"
1408,58,150,12000000,"378,210,000","8,927,708,232","37,829,272"
1408,61,86,220000,"260,410,000","8,927,708,232","37,829,272"
1427,61,1674,150000,"23,810,000","4,000,000,000","2,389,486"
1443,57,80,14000000,"217,310,000","2,717,400,000","21,739,200"
1443,61,45,280000,"80,110,000","2,717,400,000","21,739,200"
1456,62,2400,140000,"2,000","3,000,000","1,250"
1464,57,130,900000,"91,210,000","1,186,800,000","9,129,231"
1468,61,786,200000,"44,810,000","9,011,400,000","6,889,450"
1468,58,522,2600000,"68,810,000","9,011,400,000","6,889,450"
1475,58,80,3500000,"114,210,000","1,836,731,000","11,429,564"
1475,61,80.7,170000,"80,910,000","1,836,731,000","11,429,564"
1504,61,574.4,220000,"110,810,000","6,370,000,000","11,089,833"
1553,81,330,200000,"97,110,000","3,207,375,000","9,719,318"
1555,57,182.5,10000000,"210,810,000","3,848,747,000","21,089,025"
1561,81,197,200000,"66,010,000","1,302,000,000","6,609,137"
1562,81,194,200000,"103,010,000","2,000,000,000","10,309,278"
1564,58,101.7,2000000,"123,610,000","1,258,000,000","12,369,715"
1578,57,62,10000000,"174,110,000","1,080,000,000","17,419,355"
1594,57,300,3206500,"155,410,000","6,095,318,000","15,549,281"
1596,57,80.2,4900000,"183,210,000","1,470,000,000","18,329,177"
1601,57,252,3000000,"169,910,000","4,283,904,000","16,999,619"
1602,61,94.5,410000,"142,510,000","1,347,518,500","14,259,455"
1606,81,583,170000,"38,510,000","2,250,000,000","3,859,348"
1660,62,230.3,160000,"15,110,000","350,000,000","1,519,757"
1671,81,678.4,210000,"39,710,000","2,700,000,000","3,979,953"
1683,57,155,8100000,"267,010,000","4,140,000,000","26,709,677"
1686,58,200,964800,"43,210,000","3,005,063,180","4,329,438"
1686,81,494.1,145000,"35,010,000","3,005,063,180","4,329,438"
1711,62,125,410000,"132,410,000","1,656,200,000","13,249,600"
1714,57,95,4200000,"127,810,000","1,215,000,000","12,789,474"
1734,58,300,3500000,"89,610,000","3,857,000,000","8,969,767"
1734,61,130,200000,"56,610,000","3,857,000,000","8,969,767"
1747,57,200,12000000,"231,210,000","28,172,060,000","23,129,770"
1747,62,1018,430000,"115,510,000","28,172,060,000","23,129,770"
1749,62,1126,430000,"119,810,000","13,500,000,000","11,989,343"
1814,57,99.2,31000000,"705,010,000","6,994,500,000","70,509,073"
1819,61,110,390000,"111,910,000","1,231,930,000","11,199,364"
1821,58,200,10000000,"927,210,000","18,545,865,000","92,729,325"
1832,57,132,3000000,"159,110,000","2,547,140,000","15,919,625"
1832,81,28,370000,"132,810,000","2,547,140,000","15,919,625"
1852,58,111.2,3500000,"126,710,000","1,410,000,000","12,679,856"
1854,58,102.5,3900000,"296,310,000","3,038,000,000","29,639,024"
1869,58,200,3800000,"124,610,000","6,566,460,000","12,469,540"
1869,81,326.6,200000,"88,610,000","6,566,460,000","12,469,540"
1887,57,118.3,15000000,"225,410,000","2,667,599,424","22,549,446"
1889,57,118.3,15000000,"225,410,000","2,667,599,676","22,549,448"
1946,57,50,12000000,"191,810,000","10,481,110,000","19,189,143"
1946,61,496.2,450000,"76,310,000","10,481,110,000","19,189,143"
1949,81,28,390000,"155,310,000","2,323,080,000","18,149,063"
1949,58,100,3000000,"181,410,000","2,323,080,000","18,149,063"
1953,58,300,2300000,"44,010,000","2,460,183,680","4,409,722"
1953,61,257.9,170000,"22,710,000","2,460,183,680","4,409,722"
1967,61,7742.2,130000,"7,510,000","5,880,000,000","759,474"
1975,57,176.4,7000000,"310,010,000","5,470,000,000","31,009,070"
1977,57,76.5,11000000,"300,410,000","2,298,750,000","30,049,020"
1986,58,120,1600000,"67,210,000","807,500,000","6,729,167"
2000,58,93.8,3900000,"191,810,000","1,800,000,000","19,189,765"
2029,58,100,4800000,"157,210,000","4,943,637,000","15,729,039"
2029,61,214.3,210000,"111,310,000","4,943,637,000","15,729,039"
2065,58,135,3400000,"92,510,000","1,250,000,000","9,259,259"
2079,58,200,3500000,"65,810,000","4,639,200,000","6,589,773"
2079,61,504,200000,"32,810,000","4,639,200,000","6,589,773"
2089,57,90,3300000,"91,910,000","1,791,135,000","9,199,461"
2089,81,104.7,250000,"61,410,000","1,791,135,000","9,199,461"
2094,58,100,6000000,"146,510,000","4,089,960,000","14,659,355"
2094,81,179,210000,"88,610,000","4,089,960,000","14,659,355"
2095,81,244,210000,"99,510,000","2,430,000,000","9,959,016"
2105,58,80,2600000,"71,110,000","1,964,965,344","7,119,440"
2105,81,196,170000,"46,810,000","1,964,965,344","7,119,440"
2110,57,72,14000000,"524,610,000","3,777,800,000","52,469,444"
2130,57,85,4200000,"135,210,000","1,150,000,000","13,529,412"
2140,57,165.8,2100000,"200,810,000","3,330,800,000","20,089,264"
2141,57,287.5,2100000,"168,610,000","4,850,000,000","16,869,565"
2142,57,117.5,2100000,"217,510,000","2,556,785,425","21,759,876"
2148,58,294.5,2300000,"156,110,000","4,600,000,000","15,619,694"
2161,57,102.5,225000,"57,710,000","1,712,597,000","5,779,943"
2172,58,60,1700000,"92,010,000","1,753,424,000","9,209,160"
2172,61,130.4,140000,"76,410,000","1,753,424,000","9,209,160"
2174,61,65000,38000,"2,110,000","14,250,000,000","219,231"
2176,61,1317.9,140000,"32,810,000","4,335,000,000","3,289,324"
2223,81,66.5,220000,"195,710,000","3,164,070,000","27,159,399"
2223,58,50,7800000,"271,510,000","3,164,070,000","27,159,399"
2240,58,100,2000000,"40,610,000","1,528,130,000","4,069,587"
2240,81,275.5,140000,"22,010,000","1,528,130,000","4,069,587"
2251,58,278,1500000,"59,810,000","1,665,000,000","5,989,209"
2266,57,66,10000000,"265,110,000","1,750,300,000","26,519,697"
2278,61,2897,60000,"12,510,000","3,650,000,000","1,259,924"
2309,81,177,180000,"56,410,000","1,000,000,000","5,649,718"
2310,57,110.8,9000000,"230,510,000","2,555,000,000","23,059,567"
2319,61,101.3,315000,"173,010,000","3,716,752,900","23,042,485"
2335,62,197.8,410000,"100,910,000","1,997,650,000","10,099,343"
2387,58,50,2600000,"154,610,000","1,562,400,000","15,469,307"
2387,81,51,200000,"130,610,000","1,562,400,000","15,469,307"
2390,62,1564,370000,"30,610,000","4,800,000,000","3,069,054"
2392,61,239.4,240000,"157,810,000","3,780,000,000","15,789,474"
2395,58,105,3400000,"238,010,000","2,500,000,000","23,809,524"
2425,57,72.7,14000000,"319,710,000","2,324,875,000","31,979,023"
2463,57,60.2,3500000,"132,810,000","800,000,000","13,289,037"
2483,62,59,243000,"123,410,000","1,589,413,000","13,356,412"
2484,58,195.9,2700000,"82,610,000","1,620,000,000","8,269,525"
2486,57,209,2700000,"95,610,000","2,000,000,000","9,569,378"
2512,58,100,3000000,"86,310,000","2,254,170,000","11,489,144"
2512,58,96.2,150000,"86,310,000","2,254,170,000","11,489,144"
2569,61,518,120000,"54,610,000","3,686,928,000","5,965,903"
2579,58,139.5,2000000,"83,510,000","1,166,200,000","8,359,857"
2581,58,107.7,2000000,"71,410,000","770,000,000","7,149,489"
2597,81,2002,110000,"5,410,000","1,100,000,000","549,451"
2609,81,423,200000,"77,210,000","3,269,499,595","7,729,313"
2619,57,105,11000000,"276,110,000","2,900,000,000","27,619,048"
2630,61,3777.1,153600,"17,910,000","6,798,600,000","1,799,952"
2636,61,772,138000,"45,610,000","3,528,000,000","4,569,948"
2646,61,1025,145000,"20,310,000","2,090,000,000","2,039,024"
2649,57,55,2000000,"81,810,000","941,800,000","8,189,565"
2649,61,60,350000,"65,310,000","941,800,000","8,189,565"
2653,57,100,750000,"92,210,000","922,904,000","9,229,040"
2662,58,300,3172000,"102,210,000","7,111,302,400","10,229,146"
2683,61,160.2,210000,"77,010,000","1,235,000,000","7,709,114"
2695,58,150,572000,"14,310,000","1,766,020,800","1,439,534"
2717,57,200,12000000,"228,010,000","5,602,104,000","22,809,870"
2717,81,45.6,410000,"112,110,000","5,602,104,000","22,809,870"
2728,81,959,110000,"14,510,000","1,400,000,000","1,459,854"
2730,57,80,14000000,"365,310,000","4,567,400,000","36,539,200"
2730,61,45,280000,"228,110,000","4,567,400,000","36,539,200"
2759,57,100,8000000,"163,110,000","3,704,501,120","16,319,388"
2759,81,127,410000,"87,210,000","3,704,501,120","16,319,388"
2766,58,80,1600000,"68,410,000","739,060,000","6,849,490"
2766,81,27.9,200000,"54,410,000","739,060,000","6,849,490"
2769,58,200,5500000,"108,110,000","7,763,984,000","10,819,376"
2769,61,517.6,160000,"54,710,000","7,763,984,000","10,819,376"
2771,61,1353,170000,"29,410,000","3,990,000,000","2,949,002"
2785,61,16292,50000,"3,610,000","6,014,000,000","369,138"
2814,81,550,390000,"69,010,000","3,800,000,000","6,909,091"
2823,57,100,1500000,"39,110,000","1,058,250,000","3,919,444"
2834,57,130,17000000,"392,610,000","5,105,000,000","39,269,231"
2854,61,722,220000,"63,710,000","4,606,000,000","6,379,501"
2857,61,494,240000,"82,910,000","4,100,000,000","8,299,595"
2861,61,160.2,410000,"140,610,000","2,254,000,000","14,069,913"
2874,61,31.4,292000,"67,310,000","797,266,200","8,722,825"
2893,61,1150.1,410000,"80,910,000","9,315,000,000","8,099,296"
2899,81,1488.1,170000,"33,510,000","5,000,000,000","3,359,989"
2903,57,300,1400000,"34,410,000","20,065,230,000","3,449,412"
2903,61,5517,210000,"22,510,000","20,065,230,000","3,449,412"
2907,58,292.7,1700000,"150,910,000","4,419,570,000","15,099,317"
2997,61,501.5,200000,"17,910,000","902,500,000","1,799,601"
3001,57,225,6000000,"117,010,000","6,134,652,999","11,709,588"
3001,61,298.9,230000,"59,310,000","6,134,652,999","11,709,588"
3018,81,157,200000,"98,210,000","1,543,250,000","9,829,618"
3056,58,65,6500000,"210,010,000","3,676,700,000","21,009,714"
3056,81,110,220000,"147,210,000","3,676,700,000","21,009,714"
3063,61,718,200000,"46,710,000","6,723,200,000","6,945,455"
3063,58,250,2600000,"65,510,000","6,723,200,000","6,945,455"
3065,57,67,21000000,"800,510,000","5,364,000,000","80,059,701"
3074,57,100,1750000,"54,710,000","8,876,400,000","5,479,259"
3091,58,750,2700000,"52,010,000","22,480,324,500","5,209,447"
3091,61,3565.3,160000,"26,610,000","22,480,324,500","5,209,447"
3113,61,1118,204000,"28,810,000","3,230,000,000","2,889,088"
3165,58,200,2600000,"107,310,000","2,147,999,730","10,739,999"
3184,58,119,7200000,"301,510,000","3,589,000,000","30,159,664"
3191,58,99,1400000,"54,610,000","541,500,000","5,469,697"
3194,57,231.7,29000000,"590,310,000","13,679,370,000","59,039,145"
3209,61,18495.1,110000,"2,210,000","4,240,000,000","229,250"
3215,57,154.4,12000000,"428,510,000","6,617,500,000","42,859,456"
3229,61,181.3,450000,"168,210,000","3,051,200,000","16,829,564"
3265,81,155,165000,"87,010,000","1,350,000,000","8,709,677"
3267,81,151,280000,"188,510,000","7,173,520,000","28,579,761"
3267,57,100,10000000,"285,710,000","7,173,520,000","28,579,761"
3330,58,100,2600000,"88,710,000","4,484,150,000","8,879,505"
3330,81,405,170000,"64,410,000","4,484,150,000","8,879,505"
3359,58,300,6400000,"121,010,000","12,133,460,000","12,109,242"
3359,61,702,170000,"58,710,000","12,133,460,000","12,109,242"
3362,61,1440,292500,"12,210,000","3,247,840,000","2,165,227"
3391,57,96.1,5000000,"138,310,000","1,330,000,000","13,839,750"
3395,61,4800,288000,"43,410,000","24,355,600,000","4,871,120"
3396,58,300,810000,"53,810,000","7,189,800,200","5,389,251"
3421,57,150,5000000,"146,510,000","2,832,246,000","14,659,658"
3421,61,43.2,240000,"98,910,000","2,832,246,000","14,659,658"
3428,61,332,200000,"37,110,000","1,235,000,000","3,719,880"
3442,57,100,1000000,"150,010,000","1,801,140,000","15,009,500"
3485,61,65,200000,"102,110,000","1,956,000,000","12,619,355"
3485,58,90,2600000,"126,110,000","1,956,000,000","12,619,355"
3493,62,10002,140000,"1,910,000","1,995,000,000","199,460"
3506,57,89.1,5040000,"243,010,000","2,166,000,000","24,309,764"
3524,62,19604,150000,"4,310,000","8,624,000,000","439,910"
3528,57,320,20000000,"510,410,000","16,335,900,000","51,049,688"
3545,57,66.6,1000000,"256,310,000","2,102,443,200","25,639,551"
3553,57,85.6,5000000,"401,710,000","3,439,350,000","40,179,322"
3556,57,55,1680000,"575,310,000","3,164,690,000","57,539,818"
3558,61,7642,390000,"18,310,000","14,060,000,000","1,839,833"
3568,58,100,2600000,"98,910,000","3,217,320,000","9,899,446"
3568,61,225,180000,"74,710,000","3,217,320,000","9,899,446"
3573,57,139.5,4000000,"265,510,000","3,705,000,000","26,559,140"
3577,58,100,2300000,"95,010,000","2,035,030,000","9,509,486"
3577,81,114,180000,"73,810,000","2,035,030,000","9,509,486"
3618,61,488.1,120000,"61,710,000","6,737,878,000","10,559,282"
3618,57,150,4500000,"105,510,000","6,737,878,000","10,559,282"
3625,81,2658,140000,"6,310,000","1,700,000,000","639,579"
3629,57,523,17000000,"325,610,000","17,034,000,000","32,569,790"
3666,57,65,3300000,"155,310,000","3,403,050,000","15,539,041"
3666,81,154,250000,"124,810,000","3,403,050,000","15,539,041"
3669,57,149.6,6200000,"190,810,000","2,855,800,000","19,089,572"
3685,58,97,3500000,"145,010,000","1,407,456,896","14,509,865"
3692,61,1709,220000,"94,710,000","16,200,000,000","9,479,228"
3732,57,94.2,14000000,"442,510,000","4,169,220,000","44,259,236"
3738,61,1061,243000,"102,210,000","19,716,677,000","14,486,904"
3747,81,2300,140000,"6,110,000","1,425,000,000","619,565"
3753,61,551,360000,"21,510,000","1,189,840,000","2,159,419"
3768,61,10.6,270000,"159,610,000","1,911,829,600","17,085,162"
3776,81,1066,170000,"31,110,000","3,325,000,000","3,119,137"
3815,57,97,11000000,"323,110,000","3,135,000,000","32,319,588"
3819,57,126,22000000,"452,110,000","5,697,600,000","45,219,048"
3837,57,283,3300000,"137,310,000","3,888,397,500","13,739,920"
3839,61,682,390000,"99,010,000","6,758,400,000","9,909,677"
3872,57,50,3300000,"166,910,000","2,015,635,000","16,699,544"
3872,61,70.7,250000,"136,410,000","2,015,635,000","16,699,544"
3882,58,136,2600000,"146,610,000","1,995,000,000","14,669,118"
3902,58,60,5760000,"294,610,000","3,005,848,000","29,469,098"
3909,57,300,2957500,"176,010,000","5,282,800,000","17,609,333"
3933,61,2172,2200000,"53,510,000","11,640,000,000","5,359,116"
3944,61,150,204000,"55,110,000","1,499,400,000","6,815,455"
3963,58,300,9000000,"270,810,000","29,392,300,000","27,089,677"
3963,61,785,220000,"183,010,000","29,392,300,000","27,089,677"
3964,58,158,9000000,"272,110,000","4,300,672,500","27,219,446"
4012,57,91,10000000,"294,010,000","2,676,250,000","29,409,341"
4032,58,84,3500000,"113,010,000","950,000,000","11,309,524"
4043,57,97,7000000,"236,510,000","2,295,000,000","23,659,794"
4088,81,126,200000,"75,310,000","950,000,000","7,539,683"
4090,81,493,200000,"56,710,000","2,800,000,000","5,679,513"
4097,58,300,2600000,"194,410,000","5,834,763,600","19,449,212"
4106,58,100,1300000,"69,910,000","1,298,325,000","6,999,057"
4106,61,85.5,150000,"58,410,000","1,298,325,000","6,999,057"
4114,57,83,13000000,"218,010,000","1,810,200,000","21,809,639"
4115,57,117,12000000,"297,010,000","3,476,000,000","29,709,402"
4117,57,79.3,13000000,"210,510,000","1,670,000,000","21,059,269"
4128,58,110,3500000,"116,510,000","1,282,500,000","11,659,091"
4146,58,166,13000000,"251,610,000","4,178,125,000","25,169,428"
4159,61,900,45000,"13,210,000","1,464,500,000","1,464,500"
4170,61,1160,120000,"4,310,000","510,000,000","439,655"
4188,57,58,8000000,"313,710,000","1,820,000,000","31,379,310"
4198,59,100,5000000,"220,310,000","2,203,929,600","22,039,296"
4205,57,86.2,4000000,"147,710,000","1,274,000,000","14,779,582"
4209,58,233,2500000,"163,010,000","3,800,000,000","16,309,013"
4210,81,569,170000,"55,010,000","3,135,000,000","5,509,666"
4214,58,245,3400000,"113,510,000","2,943,120,000","11,359,012"
4214,61,14.1,200000,"81,510,000","2,943,120,000","11,359,012"
4282,81,204,430000,"77,510,000","4,356,030,000","14,329,046"
4282,58,100,7000000,"143,210,000","4,356,030,000","14,329,046"
4293,58,150,6400000,"102,710,000","10,320,420,000","10,279,303"
4293,61,854,170000,"40,410,000","10,320,420,000","10,279,303"
4312,61,2034,370000,"35,310,000","7,200,000,000","3,539,823"
4328,58,240,3060000,"157,510,000","25,945,680,000","15,759,038"
4328,61,1406.4,610000,"133,010,000","25,945,680,000","15,759,038"
4340,57,112,8500000,"245,810,000","2,754,000,000","24,589,286"
4341,61,1968,190000,"33,710,000","6,650,000,000","3,379,065"
4362,58,320,1600000,"63,910,000","3,449,170,000","6,399,202"
4362,61,219,170000,"49,610,000","3,449,170,000","6,399,202"
4375,62,2175,350000,"44,510,000","9,700,000,000","4,459,770"
4401,57,68.8,8000000,"250,010,000","1,720,625,000","25,009,084"
4417,57,135.4,13000000,"269,710,000","3,653,000,000","26,979,321"
4443,57,350,3060000,"264,510,000","12,007,170,000","26,459,167"
4443,61,103.8,510000,"239,010,000","12,007,170,000","26,459,167"
4444,57,160,3060000,"183,610,000","6,319,200,000","18,369,767"
4444,61,184,510000,"158,110,000","6,319,200,000","18,369,767"
4451,58,100,5700000,"193,010,000","5,869,960,000","19,309,079"
4451,81,204,210000,"138,110,000","5,869,960,000","19,309,079"
4457,73,13704,140000,"20,710,000","28,500,000,000","2,079,685"
4492,81,99,200000,"73,310,000","726,640,000","7,339,798"
4537,58,85,4800000,"131,110,000","4,282,096,000","13,119,167"
4537,61,241.4,160000,"84,710,000","4,282,096,000","13,119,167"
4549,57,91,6000000,"289,610,000","2,636,200,000","28,969,231"
4572,58,100,3000000,"59,110,000","2,030,400,000","5,919,534"
4572,61,243,200000,"31,110,000","2,030,400,000","5,919,534"
4580,58,168,2600000,"81,910,000","1,377,500,000","8,199,405"
4582,58,113,2600000,"88,410,000","1,000,000,000","8,849,558"
4606,57,123,6000000,"105,610,000","1,300,000,000","10,569,106"
4617,58,300,3000000,"91,210,000","7,960,880,000","9,129,450"
4617,61,572,210000,"63,310,000","7,960,880,000","9,129,450"
4654,57,271.9,16000000,"241,810,000","6,577,000,000","24,189,040"
4702,57,68.6,30000000,"1,239,710,000","8,505,000,000","123,979,592"
4714,58,120,2310000,"74,810,000","4,036,604,000","7,489,061"
4734,78,238.2,192000,"239,210,000","5,700,000,000","23,929,471"
4755,61,134,615000,"208,810,000","6,800,294,000","23,130,252"
4761,58,50,2600000,"90,210,000","1,842,100,000","9,029,902"
4761,81,154,200000,"66,210,000","1,842,100,000","9,029,902"
4766,81,260,200000,"82,310,000","5,216,050,000","11,339,239"
4766,58,200,3300000,"113,310,000","5,216,050,000","11,339,239"
4798,81,114,200000,"123,210,000","1,405,600,000","12,329,825"
4799,81,90,200000,"127,510,000","1,148,399,784","12,759,998"
4830,57,60,13000000,"370,710,000","2,224,758,000","37,079,300"
4872,61,43,540000,"133,510,000","1,590,569,000","15,442,417"
4874,59,344,220000,"129,710,000","4,465,000,000","12,979,651"
4884,58,80,3000000,"123,710,000","1,547,450,000","12,379,600"
4884,61,45,190000,"95,610,000","1,547,450,000","12,379,600"
4887,57,354,10000000,"419,410,000","14,850,000,000","41,949,153"
4912,61,8209,150000,"7,810,000","6,480,000,000","789,378"
4937,57,97,21000000,"370,310,000","3,592,848,500","37,039,675"
4951,61,432,140000,"36,210,000","3,388,680,000","6,369,699"
4951,57,100,2880000,"63,610,000","3,388,680,000","6,369,699"
4970,58,91,5600000,"106,510,000","970,000,000","10,659,341"
4986,57,100,6450000,"267,302,000","2,285,298,000","8,286,070"
4986,61,175.8,140000,"260,992,000","2,285,298,000","8,286,070"
4995,58,132,3400000,"89,010,000","1,176,000,000","8,909,091"
5019,57,91,2400000,"104,310,000","950,000,000","10,439,560"
5035,61,345,1600000,"55,310,000","1,911,000,000","5,539,130"
5049,61,182,243000,"116,010,000","7,139,774,000","15,866,164"
5064,57,213.2,4000000,"182,610,000","3,895,000,000","18,269,231"
5065,57,213.2,4000000,"182,610,000","3,895,000,000","18,269,231"
5066,61,1020,170000,"35,310,000","3,610,000,000","3,539,216"
5098,58,100,4200000,"166,710,000","7,230,665,000","16,679,735"
5098,81,333.5,210000,"126,810,000","7,230,665,000","16,679,735"
5105,57,104,9900000,"1,795,710,000","18,676,272,000","179,579,538"
5108,58,300,2500000,"164,410,000","16,877,060,000","16,449,376"
5108,62,726,190000,"141,310,000","16,877,060,000","16,449,376"
5110,57,200,19000000,"308,210,000","7,725,830,000","30,829,330"
5110,61,50.6,450000,"122,710,000","7,725,830,000","30,829,330"
5138,57,112.5,16000000,"305,110,000","3,433,400,000","30,519,111"
5152,61,655.3,160000,"33,610,000","2,208,000,000","3,369,449"
5160,61,127,200000,"176,010,000","2,236,461,000","17,609,929"
5165,57,97.2,2400000,"281,710,000","2,739,000,000","28,179,012"
5179,61,250,243000,"149,110,000","8,629,250,000","19,176,111"
5208,57,148,14000000,"273,710,000","4,052,199,622","27,379,727"
5214,58,197,3000000,"102,210,000","2,015,250,000","10,229,695"
5257,61,1010.8,170000,"10,010,000","1,020,000,000","1,009,102"
5261,61,81.5,192000,"97,010,000","1,950,432,000","9,850,667"
5310,58,80,2100000,"89,910,000","2,033,860,000","8,999,381"
5310,61,146,190000,"70,810,000","2,033,860,000","8,999,381"
5313,58,50,2100000,"85,710,000","3,234,570,000","8,579,761"
5313,61,327,190000,"66,610,000","3,234,570,000","8,579,761"
5326,57,45,8000000,"194,710,000","1,782,335,000","19,479,071"
5326,61,46.5,410000,"118,810,000","1,782,335,000","19,479,071"
5327,58,118.2,8000000,"233,210,000","2,757,500,000","23,329,103"
5355,81,1044,120000,"9,610,000","1,012,000,000","969,349"
5402,61,2108.1,100000,"4,110,000","883,500,000","419,098"
5405,57,249.8,5000000,"153,710,000","7,792,844,000","15,379,601"
5405,61,256.9,240000,"106,110,000","7,792,844,000","15,379,601"
5421,81,3850,170000,"15,210,000","5,890,000,000","1,529,870"
5438,58,70,3300000,"135,410,000","1,881,979,000","13,549,165"
5438,61,68.9,190000,"104,310,000","1,881,979,000","13,549,165"
5463,57,60,4500000,"254,210,000","1,525,750,000","25,429,167"
5467,57,119,8000000,"246,310,000","2,932,125,000","24,639,706"
5474,57,147.6,10000000,"154,810,000","2,286,250,000","15,489,499"
5482,58,125,3000000,"121,610,000","3,322,153,576","12,169,061"
5482,62,148,170000,"93,310,000","3,322,153,576","12,169,061"
5484,58,80,9000000,"162,110,000","3,341,300,000","16,219,903"
5484,61,126,200000,"74,110,000","3,341,300,000","16,219,903"
5492,58,300,2400000,"118,210,000","4,791,000,000","11,829,630"
5492,62,105,200000,"96,210,000","4,791,000,000","11,829,630"
5497,57,300,480000,"43,810,000","12,452,776,000","4,389,881"
5497,61,2536.7,200000,"41,010,000","12,452,776,000","4,389,881"
5498,61,4118.3,220000,"21,610,000","8,934,000,000","2,169,342"
5500,57,200,2000000,"116,410,000","19,169,080,000","11,649,395"
5500,81,1445.5,240000,"98,810,000","19,169,080,000","11,649,395"
5510,61,47,243000,"123,510,000","2,001,579,000","13,616,184"
5524,62,227.5,240000,"88,010,000","5,715,400,000","11,969,424"
5524,57,250,3400000,"119,610,000","5,715,400,000","11,969,424"
5525,57,515.9,2600000,"106,210,000","5,483,875,000","10,629,725"
5532,58,80,5100000,"352,610,000","3,516,333,000","35,269,137"
5532,62,19.7,210000,"303,710,000","3,516,333,000","35,269,137"
5553,57,60,11000000,"268,310,000","3,891,700,000","26,839,310"
5553,61,85,280000,"161,110,000","3,891,700,000","26,839,310"
5555,57,90.1,29000000,"1,014,910,000","9,145,134,000","101,499,822"
5557,57,65,4000000,"147,710,000","1,773,550,000","14,779,583"
5557,61,55,390000,"111,610,000","1,773,550,000","14,779,583"
5566,57,60,2683000,"109,010,000","2,138,176,000","10,909,061"
5576,58,100,3500000,"105,910,000","1,228,470,000","10,599,396"
5576,61,15.9,200000,"72,910,000","1,228,470,000","10,599,396"
5598,58,253.8,850000,"50,910,000","1,417,111,000","5,099,356"
5598,61,24.1,140000,"43,810,000","1,417,111,000","5,099,356"
5625,57,113.1,4000000,"167,910,000","1,900,000,000","16,799,293"
5642,57,73.9,4600000,"220,210,000","1,628,000,000","22,029,770"
5649,58,300,3300000,"97,110,000","7,980,100,000","9,719,976"
5649,81,521,200000,"66,110,000","7,980,100,000","9,719,976"
5665,58,135,6000000,"172,410,000","4,105,340,000","17,249,328"
5665,61,103,220000,"114,610,000","4,105,340,000","17,249,328"
5686,68,24187.3,0,"35,610,000","86,331,800,000","3,569,303"
5723,58,80,3000000,"231,710,000","3,089,773,000","23,179,092"
5723,62,53.3,190000,"203,610,000","3,089,773,000","23,179,092"
5735,61,51.9,410000,"221,110,000","12,158,303,000","32,709,989"
5735,61,119.8,410000,"221,110,000","12,158,303,000","32,709,989"
5735,57,200,11000000,"327,010,000","12,158,303,000","32,709,989"
5736,57,110,11000000,"496,510,000","6,187,614,000","49,659,823"
5736,61,14.6,410000,"390,610,000","6,187,614,000","49,659,823"
5738,61,366.5,243000,"181,010,000","11,812,380,500","21,226,200"
5739,61,366.5,243000,"181,010,000","11,812,380,500","21,226,200"
5753,57,88.1,11000000,"291,610,000","2,569,850,000","29,169,694"
5764,57,98.6,23000000,"692,610,000","6,830,000,000","69,269,777"
5802,57,370,2400000,"177,210,000","6,560,000,000","17,729,730"
5803,57,69,8000000,"313,310,000","2,162,400,000","31,339,130"
5808,57,65,8000000,"256,010,000","1,664,600,000","25,609,231"
5810,61,540,243000,"79,410,000","6,573,780,000","10,956,300"
5811,57,58.5,8000000,"333,810,000","1,953,300,000","33,389,744"
5814,61,440,243000,"66,710,000","4,843,080,000","9,686,160"
5820,57,322.1,3300000000,"1,079,910,000","34,786,800,000","108,000,000"
5870,57,387.3,38000000,"1,019,510,000","39,489,082,500","101,959,934"
5904,65,526.3,260000,"29,710,000","1,568,000,000","2,979,289"
5907,57,250,1800000,"51,310,000","1,353,704,000","5,139,347"
5907,61,13.4,240000,"35,710,000","1,353,704,000","5,139,347"
5912,57,30,5880000,"115,710,000","17,118,659,200","11,579,180"
5913,61,251.2,292000,"88,410,000","4,348,705,600","14,437,934"
5916,58,300,1300000,"45,610,000","6,234,704,000","4,569,557"
5916,61,1064.4,140000,"34,010,000","6,234,704,000","4,569,557"
5922,62,729,200000,"56,710,000","4,140,000,000","5,679,012"
5950,57,100,3206500,"159,510,000","2,387,615,200","15,959,995"
5951,57,60,3206500,"246,410,000","3,655,451,950","24,649,035"
5989,57,112.5,8000000,"246,710,000","2,776,407,200","24,679,175"
5993,58,202,2400000,"188,110,000","4,239,947,000","18,819,117"
5993,61,23.3,160000,"165,710,000","4,239,947,000","18,819,117"
6002,57,114,23000000,"688,510,000","7,850,000,000","68,859,649"
6010,57,40,1500000,"72,910,000","2,116,750,000","7,299,138"
6011,61,195,243000,"58,410,000","1,670,115,000","7,106,872"
6012,61,256.8,240000,"66,110,000","1,700,000,000","6,619,938"
6044,57,95,2100000,"357,810,000","3,400,000,000","35,789,474"
6081,61,2500,180000,"9,710,000","2,448,000,000","979,200"
6083,61,2036.8,180000,"9,710,000","1,995,000,000","979,478"
6085,61,90,779000,"337,210,000","7,115,215,000","44,470,094"
6105,81,1524,140000,"18,810,000","2,880,000,000","1,889,764"
6114,61,1000.3,180000,"33,210,000","3,330,000,000","3,329,001"
6115,61,1000.1,180000,"33,210,000","3,330,000,000","3,329,667"
6147,57,124.9,4200000,"219,610,000","2,744,000,000","21,969,576"
6158,58,300,5800000,"164,310,000","8,267,327,000","16,439,306"
6158,81,202.9,170000,"108,010,000","8,267,327,000","16,439,306"
6200,61,956,200000,"40,710,000","3,900,000,000","4,079,498"
6206,61,1920.5,130000,"9,410,000","1,824,000,000","949,753"
6254,57,200,10000000,"284,410,000","5,689,935,000","28,449,675"
6259,61,1018,130000,"19,510,000","1,995,000,000","1,959,725"
6270,58,40,1500000,"63,410,000","1,828,600,000","6,349,306"
6329,57,61.4,4200000,"227,110,000","1,395,000,000","22,719,870"
6335,62,177,410000,"101,610,000","1,800,000,000","10,169,492"
6372,61,102,200000,"87,410,000","892,400,000","8,749,020"
6379,81,13819.8,165000,"11,210,000","41,509,333,000","2,964,995"
6397,58,137,2600000,"200,210,000","2,744,000,000","20,029,197"
6398,58,137.5,2600000,"189,010,000","2,600,000,000","18,909,091"
6411,58,130,2200000,"182,610,000","2,375,000,000","18,269,231"
6428,61,64.2,165000,"105,510,000","1,873,794,500","12,994,414"
6441,58,170.5,3500000,"309,010,000","5,270,000,000","30,909,091"
6458,57,105,6000000,"425,710,000","4,470,800,000","42,579,048"
6462,61,70,243000,"84,110,000","1,257,990,000","9,676,846"
6465,58,543,1200000,"44,110,000","2,400,000,000","4,419,890"
6501,57,293,2100000,"275,510,000","8,075,000,000","27,559,727"
6502,57,293,2100000,"275,510,000","8,075,000,000","27,559,727"
6506,61,100,194000,"59,010,000","1,443,100,000","7,215,500"
6507,58,100,1500000,"72,710,000","2,911,800,000","7,279,500"
6521,57,101,4200000,"310,310,000","3,135,000,000","31,039,604"
6525,57,50,3400000,"158,910,000","2,623,430,000","15,899,576"
6538,58,300,576000,"13,010,000","4,712,700,000","1,309,083"
6542,58,188.7,5500000,"160,510,000","3,086,690,000","16,059,781"
6542,61,3.5,160000,"107,110,000","3,086,690,000","16,059,781"
6544,81,1008,190000,"11,410,000","1,159,000,000","1,149,802"
6551,61,1115,220000,"92,610,000","22,002,200,000","15,549,258"
6551,58,300,6500000,"155,410,000","22,002,200,000","15,549,258"
6552,61,1115,220000,"92,610,000","22,002,200,000","15,549,258"
6552,58,300,6500000,"155,410,000","22,002,200,000","15,549,258"
6553,61,762,220000,"125,310,000","17,633,610,000","18,819,221"
6553,58,175,6500000,"188,110,000","17,633,610,000","18,819,221"
6554,61,762,220000,"125,310,000","17,633,610,000","18,819,221"
6554,58,175,6500000,"188,110,000","17,633,610,000","18,819,221"
6570,57,143,13000000,"435,410,000","6,227,625,000","43,549,825"
6571,57,143,13000000,"435,410,000","6,227,625,000","43,549,825"
6593,58,100,1916000,"36,310,000","1,019,000,000","3,639,286"
6593,61,180,116000,"18,310,000","1,019,000,000","3,639,286"
